{"cameraMode":{"drawMode":0,"name":"Shaded","section":"Shading Mode"},"sceneLighting":true,"audioPlay":false,"sceneViewState":{"m_AlwaysRefresh":false,"showFog":true,"showSkybox":true,"showFlares":true,"showImageEffects":true,"showParticleSystems":true,"showVisualEffectGraphs":true,"m_FxEnabled":true},"in2DMode":false,"pivot":{"x":0.6601159572601318,"y":2.742149829864502,"z":-8.57978343963623},"rotation":{"x":0.005250958725810051,"y":0.3852030634880066,"z":0.0021964560728520157,"w":-0.9228607416152954},"size":0.34412795305252077,"orthographic":false}